Supplier_Lead_Time,Inventory_Levels,Order_Frequency,Delivery_Performance,Cost_Per_Unit
Supplier_Lead_Time,1,0.31263741,-0.896226326,-0.913873532,0.954531104
Inventory_Levels,0.31263741,1,-0.255570646,-0.338821993,0.326708831
Order_Frequency,-0.896226326,-0.255570646,1,0.82359043,-0.841287627
Delivery_Performance,-0.913873532,-0.338821993,0.82359043,1,-0.929141414
Cost_Per_Unit,0.954531104,0.326708831,-0.841287627,-0.929141414,1
